SUMLEV,STATE,COUNTY,PLACE,COUSUB,CONCIT,PRIMGEO_FLAG,FUNCSTAT,NAME,STNAME,CENSUS2010POP,ESTIMATESBASE2010,POPESTIMATE2010,POPESTIMATE2011,POPESTIMATE2012,POPESTIMATE2013,POPESTIMATE2014,POPESTIMATE2015,POPESTIMATE2016
40,53,0,0,0,0,0,A,Washington,Washington,6724540,6724545,6743226,6822520,6895226,6968006,7054196,7160290,7288000
162,53,0,100,0,0,0,A,Aberdeen city,Washington,16896,16894,16896,16720,16546,16332,16246,16254,16334
162,53,0,905,0,0,0,A,Airway Heights city,Washington,6114,6114,6136,6320,6366,6439,6530,6636,6672
162,53,0,1010,0,0,0,A,Albion town,Washington,579,586,586,588,591,589,582,584,591
162,53,0,1290,0,0,0,A,Algona city,Washington,3014,3014,3035,3065,3102,3117,3132,3140,3156
162,53,0,1500,0,0,0,A,Almira town,Washington,284,284,284,280,276,271,269,268,267
162,53,0,1990,0,0,0,A,Anacortes city,Washington,15778,15765,15771,15856,15882,15956,16160,16387,16681
162,53,0,2585,0,0,0,A,Arlington city,Washington,17926,17967,18012,18075,18315,18658,18793,18899,19112
162,53,0,3075,0,0,0,A,Asotin city,Washington,1251,1251,1256,1271,1270,1285,1289,1286,1295
162,53,0,3180,0,0,0,A,Auburn city,Washington,70180,70172,70402,71560,73252,74707,75804,76891,77472
162,53,0,3736,0,0,0,A,Bainbridge Island city,Washington,23025,23025,23071,23204,23253,23139,23285,23820,24404
162,53,0,4475,0,0,0,A,Battle Ground city,Washington,17571,17778,17843,17979,18098,18361,18969,19346,20110
162,53,0,4895,0,0,0,A,Beaux Arts Village town,Washington,299,299,300,304,308,318,323,324,326
162,53,0,5210,0,0,0,A,Bellevue city,Washington,122363,127887,128341,130279,132238,134000,136362,139609,141400
162,53,0,5280,0,0,0,A,Bellingham city,Washington,80885,81266,81388,81984,82537,82942,83765,85523,87574
162,53,0,5560,0,0,0,A,Benton City city,Washington,3038,3032,3054,3106,3138,3158,3193,3235,3276
162,53,0,6085,0,0,0,A,Bingen city,Washington,712,712,714,719,723,725,719,720,722
162,53,0,6330,0,0,0,A,Black Diamond city,Washington,4151,4151,4163,4207,4266,4305,4336,4370,4384
162,53,0,6505,0,0,0,A,Blaine city,Washington,4684,4686,4703,4780,4826,4903,4978,5055,5164
162,53,0,7170,0,0,0,A,Bonney Lake city,Washington,17374,17374,17396,17710,17938,18247,18744,19873,20310
162,53,0,7380,0,0,0,A,Bothell city,Washington,33505,39867,39982,40660,41303,42458,43495,44125,44546
162,53,0,7695,0,0,0,A,Bremerton city,Washington,37729,37796,37861,39214,39268,38316,38601,40052,40675
162,53,0,7835,0,0,0,A,Brewster city,Washington,2370,2370,2376,2369,2359,2353,2351,2346,2341
162,53,0,7870,0,0,0,A,Bridgeport city,Washington,2409,2409,2411,2406,2426,2421,2437,2459,2509
162,53,0,7940,0,0,0,A,Brier city,Washington,6087,6178,6189,6216,6338,6433,6518,6636,6743
162,53,0,8570,0,0,0,A,Buckley city,Washington,4354,4354,4353,4390,4422,4437,4503,4541,4682
162,53,0,8605,0,0,0,A,Bucoda town,Washington,562,562,562,564,563,565,565,566,575
162,53,0,8850,0,0,0,A,Burien city,Washington,33313,48072,48198,48764,49482,49906,50172,50398,50997
162,53,0,8920,0,0,0,A,Burlington city,Washington,8388,8377,8407,8454,8449,8461,8534,8628,8768
162,53,0,9480,0,0,0,A,Camas city,Washington,19355,19448,19549,20190,20534,20871,21209,21846,22449
162,53,0,9970,0,0,0,A,Carbonado town,Washington,610,610,610,611,611,610,620,624,663
162,53,0,10215,0,0,0,A,Carnation city,Washington,1786,1786,1791,1812,1834,1846,1852,1870,1995
162,53,0,10495,0,0,0,A,Cashmere city,Washington,3063,3109,3115,3131,3139,3135,3121,3147,3162
162,53,0,10565,0,0,0,A,Castle Rock city,Washington,1982,2117,2119,2132,2115,2129,2137,2180,2212
162,53,0,10635,0,0,0,A,Cathlamet town,Washington,532,535,534,537,532,539,539,532,545
162,53,0,11160,0,0,0,A,Centralia city,Washington,16336,16553,16593,16762,16716,16636,16622,16725,16982
162,53,0,11475,0,0,0,A,Chehalis city,Washington,7259,7261,7262,7277,7301,7253,7258,7377,7498
162,53,0,11615,0,0,0,A,Chelan city,Washington,3890,3878,3892,3924,3929,3942,3960,4037,4108
162,53,0,11825,0,0,0,A,Cheney city,Washington,10590,10592,10732,10681,11019,11231,11390,11527,12237
162,53,0,12140,0,0,0,A,Chewelah city,Washington,2607,2600,2599,2598,2601,2581,2591,2601,2635
162,53,0,12630,0,0,0,A,Clarkston city,Washington,7229,7208,7232,7283,7262,7327,7335,7291,7341
162,53,0,12945,0,0,0,A,Cle Elum city,Washington,1872,1872,1873,1890,1889,1884,1879,1894,1949
162,53,0,13365,0,0,0,A,Clyde Hill city,Washington,2984,2988,2997,3047,3109,3153,3197,3226,3268
162,53,0,13785,0,0,0,A,Colfax city,Washington,2805,2793,2792,2811,2840,2850,2823,2856,2895
162,53,0,13855,0,0,0,A,College Place city,Washington,8765,8782,8812,8861,8895,8966,8972,9030,9142
162,53,0,13890,0,0,0,A,Colton town,Washington,418,429,429,436,441,443,441,454,466
162,53,0,14170,0,0,0,A,Colville city,Washington,4673,4693,4685,4687,4694,4661,4709,4731,4788
162,53,0,14310,0,0,0,A,Conconully town,Washington,210,210,211,212,212,211,211,212,213
162,53,0,14380,0,0,0,A,Concrete town,Washington,705,705,705,709,707,706,711,715,724
162,53,0,14485,0,0,0,A,Connell city,Washington,4209,4210,4238,5208,5408,5392,5397,5450,5414
162,53,0,14870,0,0,0,A,Cosmopolis city,Washington,1649,1649,1648,1633,1617,1598,1588,1591,1601
162,53,0,15080,0,0,0,A,Coulee City town,Washington,562,562,565,571,573,571,573,571,569
162,53,0,15115,0,0,0,A,Coulee Dam town,Washington,1098,1098,1100,1100,1096,1091,1090,1090,1090
162,53,0,15185,0,0,0,A,Coupeville town,Washington,1831,1831,1836,1866,1863,1849,1858,1885,1920
162,53,0,15290,0,0,0,A,Covington city,Washington,17575,17565,17625,17956,18303,18837,19128,19170,20478
162,53,0,15710,0,0,0,A,Creston town,Washington,236,236,236,232,228,223,219,219,218
162,53,0,16340,0,0,0,A,Cusick town,Washington,207,209,208,207,207,206,206,208,208
162,53,0,16690,0,0,0,A,Darrington town,Washington,1347,1347,1349,1354,1360,1366,1368,1373,1385
162,53,0,16795,0,0,0,A,Davenport city,Washington,1734,1734,1735,1733,1724,1695,1683,1689,1688
162,53,0,16970,0,0,0,A,Dayton city,Washington,2526,2535,2551,2494,2482,2494,2459,2434,2427
162,53,0,17320,0,0,0,A,Deer Park city,Washington,3652,3650,3659,3664,3699,3774,3849,3936,3987
162,53,0,17635,0,0,0,A,Des Moines city,Washington,29673,29673,29754,30094,30480,30710,30999,31176,31172
162,53,0,18965,0,0,0,A,DuPont city,Washington,8199,8199,8261,8562,8795,9214,9275,9338,9497
162,53,0,19035,0,0,0,A,Duvall city,Washington,6695,6713,6741,6866,7196,7471,7634,7660,7701
162,53,0,20155,0,0,0,A,East Wenatchee city,Washington,13190,13179,13223,13273,13419,13436,13504,13657,13968
162,53,0,20260,0,0,0,A,Eatonville town,Washington,2758,2758,2756,2784,2805,2804,2855,2896,2959
162,53,0,20645,0,0,0,A,Edgewood city,Washington,9387,9387,9378,9452,9494,9558,9713,9810,10734
162,53,0,20750,0,0,0,A,Edmonds city,Washington,39709,39698,39764,39935,40381,40652,40841,41277,41840
162,53,0,21030,0,0,0,A,Electric City city,Washington,968,979,984,998,1004,1001,1010,1008,1001
162,53,0,21240,0,0,0,A,Ellensburg city,Washington,18174,18383,18420,18626,18469,18567,18963,19009,19786
162,53,0,21450,0,0,0,A,Elma city,Washington,3107,3103,3105,3081,3050,3020,3014,3028,3053
162,53,0,21485,0,0,0,A,Elmer City town,Washington,238,238,239,241,240,239,239,239,239
162,53,0,21730,0,0,0,A,Endicott town,Washington,289,288,288,289,291,290,286,289,291
162,53,0,22010,0,0,0,A,Entiat city,Washington,1112,1112,1118,1135,1147,1156,1151,1179,1208
162,53,0,22045,0,0,0,A,Enumclaw city,Washington,10669,11092,11124,11295,11441,11507,11544,11594,11654
162,53,0,22080,0,0,0,A,Ephrata city,Washington,7664,7670,7715,7808,7908,7936,8001,8041,8032
162,53,0,22640,0,0,0,A,Everett city,Washington,103019,103027,103255,103561,104568,105274,106626,107253,109043
162,53,0,22745,0,0,0,A,Everson city,Washington,2481,2461,2468,2498,2526,2533,2545,2579,2634
162,53,0,22990,0,0,0,A,Fairfield town,Washington,612,609,609,608,605,603,602,603,605
162,53,0,23340,0,0,0,A,Farmington town,Washington,146,150,150,152,154,154,153,154,156
162,53,0,23515,0,0,0,A,Federal Way city,Washington,89306,89306,89549,90704,91988,92786,93393,95037,96757
162,53,0,23620,0,0,0,A,Ferndale city,Washington,11415,11408,11465,11709,11961,12310,12675,12974,13403
162,53,0,23795,0,0,0,A,Fife city,Washington,9173,9173,9192,9290,9324,9390,9515,9954,10103
162,53,0,23970,0,0,0,A,Fircrest city,Washington,6497,6495,6488,6547,6574,6585,6635,6678,6780
162,53,0,24810,0,0,0,A,Forks city,Washington,3532,3555,3558,3619,3700,3702,3714,3745,3783
162,53,0,25615,0,0,0,A,Friday Harbor town,Washington,2162,2166,2163,2266,2283,2277,2305,2336,2338
162,53,0,26140,0,0,0,A,Garfield town,Washington,597,597,597,601,607,607,599,604,611
162,53,0,26455,0,0,0,A,George city,Washington,501,501,504,506,507,503,503,500,495
162,53,0,26735,0,0,0,A,Gig Harbor city,Washington,7126,7126,7119,7218,7545,7767,8343,8739,9110
162,53,0,27365,0,0,0,A,Gold Bar city,Washington,2075,2075,2076,2079,2086,2092,2098,2107,2131
162,53,0,27435,0,0,0,A,Goldendale city,Washington,3407,3407,3415,3450,3432,3451,3429,3429,3449
162,53,0,27855,0,0,0,A,Grand Coulee city,Washington,988,1023,1028,1039,1047,1046,1052,1049,1044
162,53,0,27925,0,0,0,A,Grandview city,Washington,10862,10856,10900,10937,10985,11103,11112,11132,11159
162,53,0,27960,0,0,0,A,Granger city,Washington,3246,3249,3265,3278,3297,3352,3395,3697,3720
162,53,0,27995,0,0,0,A,Granite Falls city,Washington,3364,3372,3378,3392,3416,3437,3461,3482,3525
162,53,0,29255,0,0,0,A,Hamilton town,Washington,301,301,301,300,298,297,298,298,299
162,53,0,29710,0,0,0,A,Harrah town,Washington,625,624,626,626,632,628,624,625,624
162,53,0,29745,0,0,0,A,Harrington city,Washington,424,427,427,421,416,407,402,402,401
162,53,0,29920,0,0,0,A,Hartline town,Washington,151,151,152,153,154,154,155,155,155
162,53,0,30060,0,0,0,A,Hatton town,Washington,101,101,101,101,102,102,102,102,100
162,53,0,32300,0,0,0,A,Hoquiam city,Washington,8726,8726,8728,8638,8546,8432,8384,8394,8434
162,53,0,32755,0,0,0,A,Hunts Point town,Washington,394,396,397,407,415,425,434,437,439
162,53,0,33000,0,0,0,A,Ilwaco city,Washington,936,936,935,927,910,899,906,918,929
162,53,0,33175,0,0,0,A,Index town,Washington,178,176,176,178,181,186,190,194,199
162,53,0,33560,0,0,0,A,Ione town,Washington,447,446,444,444,447,443,443,447,450
162,53,0,33805,0,0,0,A,Issaquah city,Washington,30434,30440,30552,31956,32655,33558,34039,36030,37322
162,53,0,34575,0,0,0,A,Kahlotus city,Washington,193,193,195,195,196,192,191,190,189
162,53,0,34645,0,0,0,A,Kalama city,Washington,2344,2344,2342,2332,2316,2314,2346,2396,2484
162,53,0,35065,0,0,0,A,Kelso city,Washington,11925,11914,11909,11886,11808,11779,11775,11880,12047
162,53,0,35170,0,0,0,A,Kenmore city,Washington,20460,20469,20555,20972,21304,21637,21838,22006,22357
162,53,0,35275,0,0,0,A,Kennewick city,Washington,73917,73981,74466,75668,76077,76811,77566,79018,80454
162,53,0,35415,0,0,0,A,Kent city,Washington,92411,118593,119012,120894,123077,124523,125508,126773,127514
162,53,0,35485,0,0,0,A,Kettle Falls city,Washington,1595,1576,1574,1572,1573,1560,1568,1575,1604
162,53,0,35940,0,0,0,A,Kirkland city,Washington,48787,80585,80854,82085,83454,84644,86015,87195,87701
162,53,0,36045,0,0,0,A,Kittitas city,Washington,1381,1358,1365,1399,1405,1397,1391,1403,1439
162,53,0,36395,0,0,0,A,Krupp town,Washington,48,48,48,49,49,49,49,49,49
162,53,0,36710,0,0,0,A,La Center city,Washington,2800,2944,2955,2979,3028,3054,3082,3111,3144
162,53,0,36745,0,0,0,A,Lacey city,Washington,42393,42398,42583,43360,43941,44875,45434,46340,47688
162,53,0,36780,0,0,0,A,La Conner town,Washington,891,891,891,897,899,903,913,922,936
162,53,0,36850,0,0,0,A,LaCrosse town,Washington,313,313,313,316,318,317,313,315,317
162,53,0,37270,0,0,0,A,Lake Forest Park city,Washington,12598,12602,12634,12789,12992,13102,13183,13228,13266
162,53,0,37900,0,0,0,A,Lake Stevens city,Washington,28069,28060,28261,28645,29061,29900,30240,30810,31679
162,53,0,38038,0,0,0,A,Lakewood city,Washington,58163,58163,58237,58615,58835,58920,59400,59748,60665
162,53,0,38215,0,0,0,A,Lamont town,Washington,70,70,70,71,72,72,71,72,73
162,53,0,38355,0,0,0,A,Langley city,Washington,1035,1015,1019,1020,1024,1021,1032,1056,1097
162,53,0,38495,0,0,0,A,Latah town,Washington,183,180,180,182,184,184,185,186,187
162,53,0,38845,0,0,0,A,Leavenworth city,Washington,1965,1952,1958,1968,1975,1978,1965,1983,1994
162,53,0,39335,0,0,0,A,Liberty Lake city,Washington,7591,7594,7620,7732,7876,8239,8596,8886,9209
162,53,0,39510,0,0,0,A,Lind town,Washington,564,562,565,566,568,571,568,564,550
162,53,0,40070,0,0,0,A,Long Beach city,Washington,1392,1395,1392,1382,1357,1341,1349,1369,1389
162,53,0,40245,0,0,0,A,Longview city,Washington,36648,36836,36823,36774,36540,36464,36478,36822,37337
162,53,0,40770,0,0,0,A,Lyman town,Washington,438,438,438,440,440,441,448,452,454
162,53,0,40805,0,0,0,A,Lynden city,Washington,11951,11988,12026,12250,12596,12855,13142,13487,13952
162,53,0,40840,0,0,0,A,Lynnwood city,Washington,35836,35845,35916,36031,36248,36445,36637,36910,38092
162,53,0,40980,0,0,0,A,Mabton city,Washington,2286,2298,2311,2329,2319,2308,2299,2294,2295
162,53,0,41225,0,0,0,A,McCleary city,Washington,1653,1649,1650,1635,1620,1611,1608,1616,1630
162,53,0,42275,0,0,0,A,Malden town,Washington,203,203,203,203,204,203,199,201,205
162,53,0,42800,0,0,0,A,Mansfield town,Washington,320,320,321,323,329,332,332,333,334
162,53,0,43150,0,0,0,A,Maple Valley city,Washington,22684,22686,22813,23437,24181,24797,25116,25646,25698
162,53,0,43395,0,0,0,A,Marcus town,Washington,183,183,183,183,183,182,183,184,187
162,53,0,43955,0,0,0,A,Marysville city,Washington,60020,60026,60206,61267,62326,63221,64982,66601,67626
162,53,0,44165,0,0,0,A,Mattawa city,Washington,4437,4335,4352,4381,4382,4389,4458,4445,4413
162,53,0,44690,0,0,0,A,Medical Lake city,Washington,5060,5060,5062,4907,4900,4914,4937,4942,4964
162,53,0,44725,0,0,0,A,Medina city,Washington,2969,2967,2978,3022,3067,3123,3187,3222,3246
162,53,0,45005,0,0,0,A,Mercer Island city,Washington,22699,22699,22763,23345,23693,24112,24324,25013,25134
162,53,0,45180,0,0,0,A,Mesa city,Washington,489,489,493,499,501,493,491,488,486
162,53,0,45285,0,0,0,A,Metaline town,Washington,173,173,172,171,172,170,171,172,172
162,53,0,45320,0,0,0,A,Metaline Falls town,Washington,238,238,237,237,239,236,237,240,242
162,53,0,45865,0,0,0,A,Mill Creek city,Washington,18244,18232,18274,18426,18655,18777,19172,19993,20303
162,53,0,45985,0,0,0,A,Millwood city,Washington,1786,1786,1787,1778,1771,1771,1770,1781,1787
162,53,0,46020,0,0,0,A,Milton city,Washington,6968,7129,7124,7194,7225,7454,7574,7618,7970
162,53,0,46685,0,0,0,A,Monroe city,Washington,17304,17301,17323,17389,17486,17689,17873,18048,18408
162,53,0,46895,0,0,0,A,Montesano city,Washington,3976,3971,3974,3944,3906,3872,3859,3886,3912
162,53,0,47175,0,0,0,A,Morton city,Washington,1126,1122,1122,1122,1121,1115,1116,1126,1145
162,53,0,47245,0,0,0,A,Moses Lake city,Washington,20366,20534,20683,21082,21310,21450,21789,22047,22641
162,53,0,47315,0,0,0,A,Mossyrock city,Washington,759,759,759,757,753,747,744,750,763
162,53,0,47490,0,0,0,A,Mountlake Terrace city,Washington,19909,19884,19913,19996,20165,20640,20783,20936,21182
162,53,0,47560,0,0,0,A,Mount Vernon city,Washington,31743,31716,31764,32073,32281,32731,33405,33967,34590
162,53,0,47665,0,0,0,A,Moxee city,Washington,3308,3462,3511,3618,3672,3761,3828,3871,4027
162,53,0,47735,0,0,0,A,Mukilteo city,Washington,20254,20254,20300,20419,20583,20805,20965,21176,21462
162,53,0,47805,0,0,0,A,Naches town,Washington,795,813,816,819,819,818,818,819,823
162,53,0,47980,0,0,0,A,Napavine city,Washington,1766,1789,1790,1784,1788,1798,1802,1810,1868
162,53,0,48540,0,0,0,A,Nespelem town,Washington,236,232,233,233,232,231,243,255,283
162,53,0,48645,0,0,0,A,Newcastle city,Washington,10380,10368,10396,10550,10801,11057,11197,11354,11567
162,53,0,48820,0,0,0,A,Newport city,Washington,2126,2129,2121,2109,2112,2096,2098,2117,2118
162,53,0,49275,0,0,0,A,Nooksack city,Washington,1338,1338,1361,1372,1388,1417,1443,1479,1525
162,53,0,49415,0,0,0,A,Normandy Park city,Washington,6335,6335,6354,6425,6515,6560,6613,6659,6651
162,53,0,49485,0,0,0,A,North Bend city,Washington,5731,5846,5861,5951,6051,6268,6600,6694,6739
162,53,0,49555,0,0,0,A,North Bonneville city,Washington,956,958,961,961,961,969,973,970,980
162,53,0,50045,0,0,0,A,Northport town,Washington,295,295,295,293,292,289,288,288,290
162,53,0,50325,0,0,0,A,Oakesdale town,Washington,422,424,424,426,434,433,427,431,435
162,53,0,50360,0,0,0,A,Oak Harbor city,Washington,22075,22173,22234,22292,22300,22144,22349,22732,23204
162,53,0,50430,0,0,0,A,Oakville city,Washington,684,684,685,679,676,666,662,662,665
162,53,0,50570,0,0,0,A,Ocean Shores city,Washington,5569,5569,5590,5627,5625,5597,5625,5691,5831
162,53,0,50745,0,0,0,A,Odessa town,Washington,910,910,909,901,891,875,867,869,869
162,53,0,50920,0,0,0,A,Okanogan city,Washington,2552,2603,2609,2603,2588,2574,2568,2560,2561
162,53,0,51300,0,0,0,A,Olympia city,Washington,46478,46880,47083,47765,48216,48711,49618,50231,51202
162,53,0,51340,0,0,0,A,Omak city,Washington,4845,4845,4855,4846,4812,4776,4843,4837,4833
162,53,0,51970,0,0,0,A,Oroville city,Washington,1686,1695,1699,1697,1690,1681,1686,1680,1677
162,53,0,52005,0,0,0,A,Orting city,Washington,6746,6746,6750,6804,6864,7002,7240,7436,7693
162,53,0,52215,0,0,0,A,Othello city,Washington,7364,7350,7388,7451,7492,7587,7668,7753,8099
162,53,0,52495,0,0,0,A,Pacific city,Washington,6606,6604,6620,6705,6841,7042,7077,7113,7122
162,53,0,52950,0,0,0,A,Palouse city,Washington,998,996,996,1012,1020,1019,1013,1019,1045
162,53,0,53545,0,0,0,A,Pasco city,Washington,59781,61086,61891,64541,66703,67472,68618,69472,70579
162,53,0,53720,0,0,0,A,Pateros city,Washington,667,667,669,667,662,657,655,666,688
162,53,0,53930,0,0,0,A,Pe Ell town,Washington,632,632,632,632,632,628,628,633,643
162,53,0,55120,0,0,0,A,Pomeroy city,Washington,1425,1431,1430,1417,1399,1414,1389,1397,1410
162,53,0,55365,0,0,0,A,Port Angeles city,Washington,19038,19038,19067,19159,19143,19212,19348,19558,19833
162,53,0,55785,0,0,0,A,Port Orchard city,Washington,11144,12187,12234,12519,12629,12920,13245,13580,13945
162,53,0,55855,0,0,0,A,Port Townsend city,Washington,9113,9113,9125,9122,9114,9189,9247,9328,9527
162,53,0,55995,0,0,0,A,Poulsbo city,Washington,9200,9241,9283,9339,9385,9491,9691,10025,10400
162,53,0,56240,0,0,0,A,Prescott city,Washington,318,318,319,319,316,312,308,306,304
162,53,0,56450,0,0,0,A,Prosser city,Washington,5714,5713,5747,5810,5800,5805,5810,5875,6040
162,53,0,56625,0,0,0,A,Pullman city,Washington,29799,29821,29840,29987,31411,31579,31771,32819,33282
162,53,0,56695,0,0,0,A,Puyallup city,Washington,37022,37222,37213,37687,38323,38642,39162,39600,40640
162,53,0,57115,0,0,0,A,Quincy city,Washington,6750,6758,6813,6924,7007,7217,7321,7358,7387
162,53,0,57220,0,0,0,A,Rainier city,Washington,1794,1794,1806,1866,1890,1930,1945,1983,2011
162,53,0,57430,0,0,0,A,Raymond city,Washington,2882,2869,2864,2863,2825,2790,2800,2834,2871
162,53,0,57465,0,0,0,A,Reardan town,Washington,571,571,570,568,565,558,559,564,567
162,53,0,57535,0,0,0,A,Redmond city,Washington,54144,54315,54526,55509,56607,57537,59255,60507,62458
162,53,0,57745,0,0,0,A,Renton city,Washington,90927,91900,92315,94122,95945,97157,98447,100095,100953
162,53,0,57850,0,0,0,A,Republic city,Washington,1073,1070,1068,1087,1093,1080,1076,1069,1069
162,53,0,58235,0,0,0,A,Richland city,Washington,48058,48111,48516,50305,51498,52346,53044,54258,54989
162,53,0,58410,0,0,0,A,Ridgefield city,Washington,4763,4793,4823,5070,5278,5636,6131,6469,7066
162,53,0,58725,0,0,0,A,Ritzville city,Washington,1673,1680,1682,1680,1678,1683,1673,1663,1626
162,53,0,58795,0,0,0,A,Riverside town,Washington,280,280,281,279,276,273,272,270,268
162,53,0,59145,0,0,0,A,Rockford town,Washington,470,471,471,470,469,468,467,468,468
162,53,0,59180,0,0,0,A,Rock Island city,Washington,788,870,872,869,873,874,876,890,932
162,53,0,59775,0,0,0,A,Rosalia town,Washington,550,554,554,558,562,562,555,559,565
162,53,0,60055,0,0,0,A,Roslyn city,Washington,893,893,894,900,899,896,894,900,927
162,53,0,60160,0,0,0,A,Roy city,Washington,793,793,792,798,799,799,803,805,822
162,53,0,60230,0,0,0,A,Royal City city,Washington,2140,2142,2153,2174,2194,2184,2205,2215,2196
162,53,0,60510,0,0,0,A,Ruston town,Washington,749,749,750,759,761,763,788,796,816
162,53,0,60860,0,0,0,A,St. John town,Washington,537,537,537,542,547,549,546,552,558
162,53,0,61115,0,0,0,A,Sammamish city,Washington,45780,57441,57645,58782,60086,61208,62300,63301,63773
162,53,0,62288,0,0,0,A,SeaTac city,Washington,26909,26909,26993,27533,27929,28101,28232,28317,28873
162,53,0,63000,0,0,0,A,Seattle city,Washington,608660,608659,610403,622323,635306,653095,667963,683505,704352
162,53,0,63210,0,0,0,A,Sedro-Woolley city,Washington,10540,11074,11073,11106,11086,11085,11197,11285,11476
162,53,0,63280,0,0,0,A,Selah city,Washington,7147,7322,7354,7414,7468,7518,7576,7678,7768
162,53,0,63385,0,0,0,A,Sequim city,Washington,6606,6596,6609,6600,6601,6638,6716,6807,6964
162,53,0,63735,0,0,0,A,Shelton city,Washington,9834,9858,9863,9863,9813,9755,9787,9846,9980
162,53,0,63960,0,0,0,A,Shoreline city,Washington,53007,53031,53167,53760,54459,54831,55154,55363,55333
162,53,0,64855,0,0,0,A,Skykomish town,Washington,198,197,198,199,202,203,204,206,206
162,53,0,65170,0,0,0,A,Snohomish city,Washington,9098,9137,9172,9247,9308,9388,9530,9647,9915
162,53,0,65205,0,0,0,A,Snoqualmie city,Washington,10670,10670,10756,11108,11603,12031,12626,13151,13190
162,53,0,65345,0,0,0,A,Soap Lake city,Washington,1514,1544,1552,1567,1574,1573,1579,1578,1571
162,53,0,65625,0,0,0,A,South Bend city,Washington,1637,1632,1629,1628,1607,1588,1595,1615,1636
162,53,0,65765,0,0,0,A,South Cle Elum town,Washington,532,530,531,534,533,531,529,533,547
162,53,0,66045,0,0,0,A,South Prairie town,Washington,434,429,429,429,429,427,428,428,435
162,53,0,66290,0,0,0,A,Spangle city,Washington,278,278,278,280,281,284,287,291,297
162,53,0,67000,0,0,0,A,Spokane city,Washington,208916,209437,209543,209038,209553,210331,211346,213080,215973
162,53,0,67167,0,0,0,A,Spokane Valley city,Washington,89755,89743,90063,90735,90798,91644,93138,94821,96340
162,53,0,67175,0,0,0,A,Sprague city,Washington,446,446,445,440,435,425,422,425,427
162,53,0,67210,0,0,0,A,Springdale town,Washington,285,285,285,282,281,277,276,275,276
162,53,0,67455,0,0,0,A,Stanwood city,Washington,6231,6231,6263,6361,6414,6569,6725,6760,7009
162,53,0,67490,0,0,0,A,Starbuck town,Washington,129,130,131,128,128,129,127,127,126
162,53,0,67770,0,0,0,A,Steilacoom town,Washington,5985,5989,5987,6038,6071,6098,6158,6202,6309
162,53,0,67875,0,0,0,A,Stevenson city,Washington,1465,1470,1476,1481,1484,1494,1503,1497,1527
162,53,0,68260,0,0,0,A,Sultan city,Washington,4651,4651,4662,4775,4803,4824,4839,4910,5059
162,53,0,68330,0,0,0,A,Sumas city,Washington,1307,1309,1314,1325,1334,1341,1350,1374,1409
162,53,0,68435,0,0,0,A,Sumner city,Washington,9451,9451,9440,9492,9534,9565,9644,9687,9969
162,53,0,68750,0,0,0,A,Sunnyside city,Washington,15858,15938,16004,16099,16110,16132,16188,16263,16411
162,53,0,70000,0,0,0,A,Tacoma city,Washington,198397,198397,198405,199773,201973,202736,204461,207660,211277
162,53,0,70560,0,0,0,A,Tekoa city,Washington,778,781,781,788,795,798,789,795,808
162,53,0,70630,0,0,0,A,Tenino city,Washington,1695,1688,1690,1696,1695,1704,1722,1746,1819
162,53,0,71400,0,0,0,A,Tieton city,Washington,1191,1182,1187,1188,1188,1226,1235,1237,1276
162,53,0,71785,0,0,0,A,Toledo city,Washington,725,725,725,725,725,720,721,726,738
162,53,0,71890,0,0,0,A,Tonasket city,Washington,1032,1032,1034,1032,1024,1020,1017,1012,1013
162,53,0,71960,0,0,0,A,Toppenish city,Washington,8949,8932,8965,8998,8990,8983,8963,8954,8973
162,53,0,72625,0,0,0,A,Tukwila city,Washington,19107,19107,19158,19383,19634,19786,19913,19990,20033
162,53,0,72905,0,0,0,A,Tumwater city,Washington,17371,20127,20160,20541,20927,21311,21636,22002,22538
162,53,0,73080,0,0,0,A,Twisp town,Washington,919,919,921,926,940,938,936,939,952
162,53,0,73290,0,0,0,A,Union Gap city,Washington,6047,6132,6149,6152,6132,6114,6099,6101,6110
162,53,0,73360,0,0,0,A,Uniontown town,Washington,294,294,294,295,299,314,323,328,333
162,53,0,73465,0,0,0,A,University Place city,Washington,31144,31146,31130,31384,31543,31899,32168,32794,33288
162,53,0,73780,0,0,0,A,Vader city,Washington,621,620,620,620,617,614,614,619,629
162,53,0,74060,0,0,0,A,Vancouver city,Washington,161791,162491,162974,164475,165702,167404,169435,172463,174826
162,53,0,75565,0,0,0,A,Waitsburg city,Washington,1217,1217,1220,1225,1215,1205,1192,1187,1187
162,53,0,75775,0,0,0,A,Walla Walla city,Washington,31731,31731,31796,31975,31862,31790,31820,32148,32132
162,53,0,76125,0,0,0,A,Wapato city,Washington,4997,5009,5072,5084,5075,5062,5053,5055,5073
162,53,0,76160,0,0,0,A,Warden city,Washington,2692,2692,2703,2724,2738,2728,2737,2732,2719
162,53,0,76405,0,0,0,A,Washougal city,Washington,14095,14101,14146,14339,14551,14709,14952,15249,15466
162,53,0,76440,0,0,0,A,Washtucna town,Washington,208,208,209,207,206,206,204,201,195
162,53,0,76510,0,0,0,A,Waterville town,Washington,1138,1138,1141,1142,1152,1152,1162,1172,1181
162,53,0,76720,0,0,0,A,Waverly town,Washington,106,106,106,106,106,106,106,109,110
162,53,0,77105,0,0,0,A,Wenatchee city,Washington,31925,32215,32345,32540,32669,32773,33290,33633,33921
162,53,0,77630,0,0,0,A,Westport city,Washington,2099,2079,2083,2066,2053,2027,2017,2020,2035
162,53,0,77665,0,0,0,A,West Richland city,Washington,11811,11833,11992,12419,12683,13018,13355,13748,14198
162,53,0,78330,0,0,0,A,White Salmon city,Washington,2224,2340,2345,2376,2369,2406,2418,2443,2473
162,53,0,78680,0,0,0,A,Wilbur town,Washington,884,869,868,862,852,838,832,835,835
162,53,0,78925,0,0,0,A,Wilkeson town,Washington,477,477,477,480,480,481,485,484,492
162,53,0,79135,0,0,0,A,Wilson Creek town,Washington,205,205,206,208,210,210,211,211,210
162,53,0,79275,0,0,0,A,Winlock city,Washington,1339,1336,1336,1332,1325,1313,1308,1318,1337
162,53,0,79380,0,0,0,A,Winthrop town,Washington,394,394,396,405,406,412,412,418,430
162,53,0,79590,0,0,0,A,Woodinville city,Washington,10938,10941,10971,11099,11243,11325,11371,11769,12000
162,53,0,79625,0,0,0,A,Woodland city,Washington,5509,5549,5551,5548,5527,5547,5705,5835,5952
162,53,0,79835,0,0,0,A,Woodway city,Washington,1307,1307,1309,1311,1320,1335,1349,1361,1377
162,53,0,79975,0,0,0,A,Yacolt town,Washington,1566,1572,1576,1596,1613,1630,1659,1689,1690
162,53,0,80010,0,0,0,A,Yakima city,Washington,91067,91281,91687,92814,92987,93100,93172,93439,93986
162,53,0,80150,0,0,0,A,Yarrow Point town,Washington,1001,1001,1006,1019,1031,1045,1062,1079,1096
162,53,0,80220,0,0,0,A,Yelm city,Washington,6848,6848,6908,7067,7184,7638,8216,8420,8915
162,53,0,80500,0,0,0,A,Zillah city,Washington,2964,3022,3039,3067,3085,3095,3105,3122,3144
50,53,1,0,0,0,0,A,Adams County,Washington,18728,18728,18809,18875,18925,19061,19127,19150,19238
157,53,1,30060,0,0,1,A,Hatton town,Washington,101,101,101,101,102,102,102,102,100
157,53,1,39510,0,0,1,A,Lind town,Washington,564,562,565,566,568,571,568,564,550
157,53,1,52215,0,0,1,A,Othello city,Washington,7364,7350,7388,7451,7492,7587,7668,7753,8099
157,53,1,58725,0,0,1,A,Ritzville city,Washington,1673,1680,1682,1680,1678,1683,1673,1663,1626
157,53,1,76440,0,0,1,A,Washtucna town,Washington,208,208,209,207,206,206,204,201,195
157,53,1,99990,0,0,1,F,Balance of Adams County,Washington,8818,8827,8864,8870,8879,8912,8912,8867,8668
50,53,3,0,0,0,0,A,Asotin County,Washington,21623,21623,21710,21917,21881,22113,22177,22089,22306
157,53,3,3075,0,0,1,A,Asotin city,Washington,1251,1251,1256,1271,1270,1285,1289,1286,1295
157,53,3,12630,0,0,1,A,Clarkston city,Washington,7229,7208,7232,7283,7262,7327,7335,7291,7341
157,53,3,99990,0,0,1,F,Balance of Asotin County,Washington,13143,13164,13222,13363,13349,13501,13553,13512,13670
50,53,5,0,0,0,0,A,Benton County,Washington,175177,175171,176513,180516,182486,184523,186562,190337,193686
157,53,5,5560,0,0,1,A,Benton City city,Washington,3038,3032,3054,3106,3138,3158,3193,3235,3276
157,53,5,35275,0,0,1,A,Kennewick city,Washington,73917,73981,74466,75668,76077,76811,77566,79018,80454
157,53,5,56450,0,0,1,A,Prosser city,Washington,5714,5713,5747,5810,5800,5805,5810,5875,6040
157,53,5,58235,0,0,1,A,Richland city,Washington,48058,48111,48516,50305,51498,52346,53044,54258,54989
157,53,5,77665,0,0,1,A,West Richland city,Washington,11811,11833,11992,12419,12683,13018,13355,13748,14198
157,53,5,99990,0,0,1,F,Balance of Benton County,Washington,32639,32501,32738,33208,33290,33385,33594,34203,34729
50,53,7,0,0,0,0,A,Chelan County,Washington,72453,72464,72750,73307,73654,73955,74418,75442,76338
157,53,7,10495,0,0,1,A,Cashmere city,Washington,3063,3109,3115,3131,3139,3135,3121,3147,3162
157,53,7,11615,0,0,1,A,Chelan city,Washington,3890,3878,3892,3924,3929,3942,3960,4037,4108
157,53,7,22010,0,0,1,A,Entiat city,Washington,1112,1112,1118,1135,1147,1156,1151,1179,1208
157,53,7,38845,0,0,1,A,Leavenworth city,Washington,1965,1952,1958,1968,1975,1978,1965,1983,1994
157,53,7,77105,0,0,1,A,Wenatchee city,Washington,31925,32215,32345,32540,32669,32773,33290,33633,33921
157,53,7,99990,0,0,1,F,Balance of Chelan County,Washington,30498,30198,30322,30609,30795,30971,30931,31463,31945
50,53,9,0,0,0,0,A,Clallam County,Washington,71404,71404,71529,71775,71824,72206,72722,73522,74570
157,53,9,24810,0,0,1,A,Forks city,Washington,3532,3555,3558,3619,3700,3702,3714,3745,3783
157,53,9,55365,0,0,1,A,Port Angeles city,Washington,19038,19038,19067,19159,19143,19212,19348,19558,19833
157,53,9,63385,0,0,1,A,Sequim city,Washington,6606,6596,6609,6600,6601,6638,6716,6807,6964
157,53,9,99990,0,0,1,F,Balance of Clallam County,Washington,42228,42215,42295,42397,42380,42654,42944,43412,43990
50,53,11,0,0,0,0,A,Clark County,Washington,425363,425360,426815,432507,437041,442365,449647,458394,467018
157,53,11,4475,0,0,1,A,Battle Ground city,Washington,17571,17778,17843,17979,18098,18361,18969,19346,20110
157,53,11,9480,0,0,1,A,Camas city,Washington,19355,19448,19549,20190,20534,20871,21209,21846,22449
157,53,11,36710,0,0,1,A,La Center city,Washington,2800,2944,2955,2979,3028,3054,3082,3111,3144
157,53,11,58410,0,0,1,A,Ridgefield city,Washington,4763,4793,4823,5070,5278,5636,6131,6469,7066
157,53,11,74060,0,0,1,A,Vancouver city,Washington,161791,162491,162974,164475,165702,167404,169435,172463,174826
157,53,11,76405,0,0,1,A,Washougal city,Washington,14095,14101,14146,14339,14551,14709,14952,15249,15466
157,53,11,79625,0,0,1,A,Woodland city (pt.),Washington,83,88,88,89,90,90,92,92,92
157,53,11,79975,0,0,1,A,Yacolt town,Washington,1566,1572,1576,1596,1613,1630,1659,1689,1690
157,53,11,99990,0,0,1,F,Balance of Clark County,Washington,203339,202145,202861,205790,208147,210610,214118,218129,222175
50,53,13,0,0,0,0,A,Columbia County,Washington,4078,4078,4105,4015,3994,4015,3968,3938,3938
157,53,13,16970,0,0,1,A,Dayton city,Washington,2526,2535,2551,2494,2482,2494,2459,2434,2427
157,53,13,67490,0,0,1,A,Starbuck town,Washington,129,130,131,128,128,129,127,127,126
157,53,13,99990,0,0,1,F,Balance of Columbia County,Washington,1423,1413,1423,1393,1384,1392,1382,1377,1385
50,53,15,0,0,0,0,A,Cowlitz County,Washington,102410,102408,102413,102378,101840,101784,102106,103378,105160
157,53,15,10565,0,0,1,A,Castle Rock city,Washington,1982,2117,2119,2132,2115,2129,2137,2180,2212
157,53,15,34645,0,0,1,A,Kalama city,Washington,2344,2344,2342,2332,2316,2314,2346,2396,2484
157,53,15,35065,0,0,1,A,Kelso city,Washington,11925,11914,11909,11886,11808,11779,11775,11880,12047
157,53,15,40245,0,0,1,A,Longview city,Washington,36648,36836,36823,36774,36540,36464,36478,36822,37337
157,53,15,79625,0,0,1,A,Woodland city (pt.),Washington,5426,5461,5463,5459,5437,5457,5613,5743,5860
157,53,15,99990,0,0,1,F,Balance of Cowlitz County,Washington,44085,43736,43757,43795,43624,43641,43757,44357,45220
50,53,17,0,0,0,0,A,Douglas County,Washington,38431,38431,38551,38793,39308,39463,39840,40565,41327
157,53,17,7870,0,0,1,A,Bridgeport city,Washington,2409,2409,2411,2406,2426,2421,2437,2459,2509
157,53,17,15115,0,0,1,A,Coulee Dam town (pt.),Washington,187,187,187,188,190,190,191,194,195
157,53,17,20155,0,0,1,A,East Wenatchee city,Washington,13190,13179,13223,13273,13419,13436,13504,13657,13968
157,53,17,42800,0,0,1,A,Mansfield town,Washington,320,320,321,323,329,332,332,333,334
157,53,17,59180,0,0,1,A,Rock Island city,Washington,788,870,872,869,873,874,876,890,932
157,53,17,76510,0,0,1,A,Waterville town,Washington,1138,1138,1141,1142,1152,1152,1162,1172,1181
157,53,17,99990,0,0,1,F,Balance of Douglas County,Washington,20399,20328,20396,20592,20919,21058,21338,21860,22208
50,53,19,0,0,0,0,A,Ferry County,Washington,7551,7554,7553,7684,7707,7645,7643,7584,7614
157,53,19,57850,0,0,1,A,Republic city,Washington,1073,1070,1068,1087,1093,1080,1076,1069,1069
157,53,19,99990,0,0,1,S,Balance of Ferry County,Washington,6478,6484,6485,6597,6614,6565,6567,6515,6545
50,53,21,0,0,0,0,A,Franklin County,Washington,78163,78163,79133,83125,85772,86525,87768,88825,90160
157,53,21,14485,0,0,1,A,Connell city,Washington,4209,4210,4238,5208,5408,5392,5397,5450,5414
157,53,21,34575,0,0,1,A,Kahlotus city,Washington,193,193,195,195,196,192,191,190,189
157,53,21,45180,0,0,1,A,Mesa city,Washington,489,489,493,499,501,493,491,488,486
157,53,21,53545,0,0,1,A,Pasco city,Washington,59781,61086,61891,64541,66703,67472,68618,69472,70579
157,53,21,99990,0,0,1,F,Balance of Franklin County,Washington,13491,12185,12316,12682,12964,12976,13071,13225,13492
50,53,23,0,0,0,0,A,Garfield County,Washington,2266,2266,2265,2250,2225,2248,2210,2225,2247
157,53,23,55120,0,0,1,A,Pomeroy city,Washington,1425,1431,1430,1417,1399,1414,1389,1397,1410
157,53,23,99990,0,0,1,F,Balance of Garfield County,Washington,841,835,835,833,826,834,821,828,837
50,53,25,0,0,0,0,A,Grant County,Washington,89120,89120,89628,90702,91486,91772,92723,93124,93546
157,53,25,15080,0,0,1,A,Coulee City town,Washington,562,562,565,571,573,571,573,571,569
157,53,25,15115,0,0,1,A,Coulee Dam town (pt.),Washington,0,0,0,0,0,0,0,0,0
157,53,25,21030,0,0,1,A,Electric City city,Washington,968,979,984,998,1004,1001,1010,1008,1001
157,53,25,22080,0,0,1,A,Ephrata city,Washington,7664,7670,7715,7808,7908,7936,8001,8041,8032
157,53,25,26455,0,0,1,A,George city,Washington,501,501,504,506,507,503,503,500,495
157,53,25,27855,0,0,1,A,Grand Coulee city,Washington,988,1023,1028,1039,1047,1046,1052,1049,1044
157,53,25,29920,0,0,1,A,Hartline town,Washington,151,151,152,153,154,154,155,155,155
157,53,25,36395,0,0,1,A,Krupp town,Washington,48,48,48,49,49,49,49,49,49
157,53,25,44165,0,0,1,A,Mattawa city,Washington,4437,4335,4352,4381,4382,4389,4458,4445,4413
157,53,25,47245,0,0,1,A,Moses Lake city,Washington,20366,20534,20683,21082,21310,21450,21789,22047,22641
157,53,25,57115,0,0,1,A,Quincy city,Washington,6750,6758,6813,6924,7007,7217,7321,7358,7387
157,53,25,60230,0,0,1,A,Royal City city,Washington,2140,2142,2153,2174,2194,2184,2205,2215,2196
157,53,25,65345,0,0,1,A,Soap Lake city,Washington,1514,1544,1552,1567,1574,1573,1579,1578,1571
157,53,25,76160,0,0,1,A,Warden city,Washington,2692,2692,2703,2724,2738,2728,2737,2732,2719
157,53,25,79135,0,0,1,A,Wilson Creek town,Washington,205,205,206,208,210,210,211,211,210
157,53,25,99990,0,0,1,F,Balance of Grant County,Washington,40134,39976,40170,40518,40829,40761,41080,41165,41064
50,53,27,0,0,0,0,A,Grays Harbor County,Washington,72797,72804,72863,72349,71746,70989,70779,71023,71628
157,53,27,100,0,0,1,A,Aberdeen city,Washington,16896,16894,16896,16720,16546,16332,16246,16254,16334
157,53,27,14870,0,0,1,A,Cosmopolis city,Washington,1649,1649,1648,1633,1617,1598,1588,1591,1601
157,53,27,21450,0,0,1,A,Elma city,Washington,3107,3103,3105,3081,3050,3020,3014,3028,3053
157,53,27,32300,0,0,1,A,Hoquiam city,Washington,8726,8726,8728,8638,8546,8432,8384,8394,8434
157,53,27,41225,0,0,1,A,McCleary city,Washington,1653,1649,1650,1635,1620,1611,1608,1616,1630
157,53,27,46895,0,0,1,A,Montesano city,Washington,3976,3971,3974,3944,3906,3872,3859,3886,3912
157,53,27,50430,0,0,1,A,Oakville city,Washington,684,684,685,679,676,666,662,662,665
157,53,27,50570,0,0,1,A,Ocean Shores city,Washington,5569,5569,5590,5627,5625,5597,5625,5691,5831
157,53,27,77630,0,0,1,A,Westport city,Washington,2099,2079,2083,2066,2053,2027,2017,2020,2035
157,53,27,99990,0,0,1,F,Balance of Grays Harbor County,Washington,28438,28480,28504,28326,28107,27834,27776,27881,28133
50,53,29,0,0,0,0,A,Island County,Washington,78506,78506,78708,79005,79274,78593,79266,80796,82636
157,53,29,15185,0,0,1,A,Coupeville town,Washington,1831,1831,1836,1866,1863,1849,1858,1885,1920
157,53,29,38355,0,0,1,A,Langley city,Washington,1035,1015,1019,1020,1024,1021,1032,1056,1097
157,53,29,50360,0,0,1,A,Oak Harbor city,Washington,22075,22173,22234,22292,22300,22144,22349,22732,23204
157,53,29,99990,0,0,1,F,Balance of Island County,Washington,53565,53487,53619,53827,54087,53579,54027,55123,56415
50,53,31,0,0,0,0,A,Jefferson County,Washington,29872,29872,29902,29872,29822,30052,30204,30446,31139
157,53,31,55855,0,0,1,A,Port Townsend city,Washington,9113,9113,9125,9122,9114,9189,9247,9328,9527
157,53,31,99990,0,0,1,F,Balance of Jefferson County,Washington,20759,20759,20777,20750,20708,20863,20957,21118,21612
50,53,33,0,0,0,0,A,King County,Washington,1931249,1931281,1937786,1972444,2008763,2045874,2078886,2114256,2149970
157,53,33,1290,0,0,1,A,Algona city,Washington,3014,3014,3035,3065,3102,3117,3132,3140,3156
157,53,33,3180,0,0,1,A,Auburn city (pt.),Washington,62761,62767,62993,63885,64933,65813,66605,67439,67816
157,53,33,4895,0,0,1,A,Beaux Arts Village town,Washington,299,299,300,304,308,318,323,324,326
157,53,33,5210,0,0,1,A,Bellevue city,Washington,122363,127887,128341,130279,132238,134000,136362,139609,141400
157,53,33,6330,0,0,1,A,Black Diamond city,Washington,4151,4151,4163,4207,4266,4305,4336,4370,4384
157,53,33,7380,0,0,1,A,Bothell city (pt.),Washington,17090,23422,23502,23962,24382,25355,26303,26779,26982
157,53,33,8850,0,0,1,A,Burien city,Washington,33313,48072,48198,48764,49482,49906,50172,50398,50997
157,53,33,10215,0,0,1,A,Carnation city,Washington,1786,1786,1791,1812,1834,1846,1852,1870,1995
157,53,33,13365,0,0,1,A,Clyde Hill city,Washington,2984,2988,2997,3047,3109,3153,3197,3226,3268
157,53,33,15290,0,0,1,A,Covington city,Washington,17575,17565,17625,17956,18303,18837,19128,19170,20478
157,53,33,17635,0,0,1,A,Des Moines city,Washington,29673,29673,29754,30094,30480,30710,30999,31176,31172
157,53,33,19035,0,0,1,A,Duvall city,Washington,6695,6713,6741,6866,7196,7471,7634,7660,7701
157,53,33,22045,0,0,1,A,Enumclaw city (pt.),Washington,10669,11092,11124,11295,11441,11507,11544,11594,11654
157,53,33,23515,0,0,1,A,Federal Way city,Washington,89306,89306,89549,90704,91988,92786,93393,95037,96757
157,53,33,32755,0,0,1,A,Hunts Point town,Washington,394,396,397,407,415,425,434,437,439
157,53,33,33805,0,0,1,A,Issaquah city,Washington,30434,30440,30552,31956,32655,33558,34039,36030,37322
157,53,33,35170,0,0,1,A,Kenmore city,Washington,20460,20469,20555,20972,21304,21637,21838,22006,22357
157,53,33,35415,0,0,1,A,Kent city,Washington,92411,118593,119012,120894,123077,124523,125508,126773,127514
157,53,33,35940,0,0,1,A,Kirkland city,Washington,48787,80585,80854,82085,83454,84644,86015,87195,87701
157,53,33,37270,0,0,1,A,Lake Forest Park city,Washington,12598,12602,12634,12789,12992,13102,13183,13228,13266
157,53,33,43150,0,0,1,A,Maple Valley city,Washington,22684,22686,22813,23437,24181,24797,25116,25646,25698
157,53,33,44725,0,0,1,A,Medina city,Washington,2969,2967,2978,3022,3067,3123,3187,3222,3246
157,53,33,45005,0,0,1,A,Mercer Island city,Washington,22699,22699,22763,23345,23693,24112,24324,25013,25134
157,53,33,46020,0,0,1,A,Milton city (pt.),Washington,831,831,833,856,868,1080,1154,1160,1408
157,53,33,48645,0,0,1,A,Newcastle city,Washington,10380,10368,10396,10550,10801,11057,11197,11354,11567
157,53,33,49415,0,0,1,A,Normandy Park city,Washington,6335,6335,6354,6425,6515,6560,6613,6659,6651
157,53,33,49485,0,0,1,A,North Bend city,Washington,5731,5846,5861,5951,6051,6268,6600,6694,6739
157,53,33,52495,0,0,1,A,Pacific city (pt.),Washington,6514,6512,6528,6612,6748,6947,6981,7016,7024
157,53,33,57535,0,0,1,A,Redmond city,Washington,54144,54315,54526,55509,56607,57537,59255,60507,62458
157,53,33,57745,0,0,1,A,Renton city,Washington,90927,91900,92315,94122,95945,97157,98447,100095,100953
157,53,33,61115,0,0,1,A,Sammamish city,Washington,45780,57441,57645,58782,60086,61208,62300,63301,63773
157,53,33,62288,0,0,1,A,SeaTac city,Washington,26909,26909,26993,27533,27929,28101,28232,28317,28873
157,53,33,63000,0,0,1,A,Seattle city,Washington,608660,608659,610403,622323,635306,653095,667963,683505,704352
157,53,33,63960,0,0,1,A,Shoreline city,Washington,53007,53031,53167,53760,54459,54831,55154,55363,55333
157,53,33,64855,0,0,1,A,Skykomish town,Washington,198,197,198,199,202,203,204,206,206
157,53,33,65205,0,0,1,A,Snoqualmie city,Washington,10670,10670,10756,11108,11603,12031,12626,13151,13190
157,53,33,72625,0,0,1,A,Tukwila city,Washington,19107,19107,19158,19383,19634,19786,19913,19990,20033
157,53,33,79590,0,0,1,A,Woodinville city,Washington,10938,10941,10971,11099,11243,11325,11371,11769,12000
157,53,33,80150,0,0,1,A,Yarrow Point town,Washington,1001,1001,1006,1019,1031,1045,1062,1079,1096
157,53,33,99990,0,0,1,F,Balance of King County,Washington,325002,227046,228005,232066,235835,238598,241190,242748,243551
50,53,35,0,0,0,0,A,Kitsap County,Washington,251133,251137,251735,254451,254729,253114,254272,260514,264811
157,53,35,3736,0,0,1,A,Bainbridge Island city,Washington,23025,23025,23071,23204,23253,23139,23285,23820,24404
157,53,35,7695,0,0,1,A,Bremerton city,Washington,37729,37796,37861,39214,39268,38316,38601,40052,40675
157,53,35,55785,0,0,1,A,Port Orchard city,Washington,11144,12187,12234,12519,12629,12920,13245,13580,13945
157,53,35,55995,0,0,1,A,Poulsbo city,Washington,9200,9241,9283,9339,9385,9491,9691,10025,10400
157,53,35,99990,0,0,1,S,Balance of Kitsap County,Washington,170035,168888,169286,170175,170194,169248,169450,173037,175387
50,53,37,0,0,0,0,A,Kittitas County,Washington,40915,40906,41010,41577,41630,41853,42518,43057,44866
157,53,37,12945,0,0,1,A,Cle Elum city,Washington,1872,1872,1873,1890,1889,1884,1879,1894,1949
157,53,37,21240,0,0,1,A,Ellensburg city,Washington,18174,18383,18420,18626,18469,18567,18963,19009,19786
157,53,37,36045,0,0,1,A,Kittitas city,Washington,1381,1358,1365,1399,1405,1397,1391,1403,1439
157,53,37,60055,0,0,1,A,Roslyn city,Washington,893,893,894,900,899,896,894,900,927
157,53,37,65765,0,0,1,A,South Cle Elum town,Washington,532,530,531,534,533,531,529,533,547
157,53,37,99990,0,0,1,F,Balance of Kittitas County,Washington,18063,17870,17927,18228,18435,18578,18862,19318,20218
50,53,39,0,0,0,0,A,Klickitat County,Washington,20318,20317,20388,20690,20636,20855,20866,20993,21301
157,53,39,6085,0,0,1,A,Bingen city,Washington,712,712,714,719,723,725,719,720,722
157,53,39,27435,0,0,1,A,Goldendale city,Washington,3407,3407,3415,3450,3432,3451,3429,3429,3449
157,53,39,78330,0,0,1,A,White Salmon city,Washington,2224,2340,2345,2376,2369,2406,2418,2443,2473
157,53,39,99990,0,0,1,F,Balance of Klickitat County,Washington,13975,13858,13914,14145,14112,14273,14300,14401,14657
50,53,41,0,0,0,0,A,Lewis County,Washington,75455,75457,75515,75691,75559,75126,75115,75754,77066
157,53,41,11160,0,0,1,A,Centralia city,Washington,16336,16553,16593,16762,16716,16636,16622,16725,16982
157,53,41,11475,0,0,1,A,Chehalis city,Washington,7259,7261,7262,7277,7301,7253,7258,7377,7498
157,53,41,47175,0,0,1,A,Morton city,Washington,1126,1122,1122,1122,1121,1115,1116,1126,1145
157,53,41,47315,0,0,1,A,Mossyrock city,Washington,759,759,759,757,753,747,744,750,763
157,53,41,47980,0,0,1,A,Napavine city,Washington,1766,1789,1790,1784,1788,1798,1802,1810,1868
157,53,41,53930,0,0,1,A,Pe Ell town,Washington,632,632,632,632,632,628,628,633,643
157,53,41,71785,0,0,1,A,Toledo city,Washington,725,725,725,725,725,720,721,726,738
157,53,41,73780,0,0,1,A,Vader city,Washington,621,620,620,620,617,614,614,619,629
157,53,41,79275,0,0,1,A,Winlock city,Washington,1339,1336,1336,1332,1325,1313,1308,1318,1337
157,53,41,99990,0,0,1,F,Balance of Lewis County,Washington,44892,44660,44676,44680,44581,44302,44302,44670,45463
50,53,43,0,0,0,0,A,Lincoln County,Washington,10570,10570,10570,10524,10445,10281,10243,10312,10350
157,53,43,1500,0,0,1,A,Almira town,Washington,284,284,284,280,276,271,269,268,267
157,53,43,15710,0,0,1,A,Creston town,Washington,236,236,236,232,228,223,219,219,218
157,53,43,16795,0,0,1,A,Davenport city,Washington,1734,1734,1735,1733,1724,1695,1683,1689,1688
157,53,43,29745,0,0,1,A,Harrington city,Washington,424,427,427,421,416,407,402,402,401
157,53,43,50745,0,0,1,A,Odessa town,Washington,910,910,909,901,891,875,867,869,869
157,53,43,57465,0,0,1,A,Reardan town,Washington,571,571,570,568,565,558,559,564,567
157,53,43,67175,0,0,1,A,Sprague city,Washington,446,446,445,440,435,425,422,425,427
157,53,43,78680,0,0,1,A,Wilbur town,Washington,884,869,868,862,852,838,832,835,835
157,53,43,99990,0,0,1,F,Balance of Lincoln County,Washington,5081,5093,5096,5087,5058,4989,4990,5041,5078
50,53,45,0,0,0,0,A,Mason County,Washington,60699,60696,60747,60920,60795,60563,60706,61036,62198
157,53,45,63735,0,0,1,A,Shelton city,Washington,9834,9858,9863,9863,9813,9755,9787,9846,9980
157,53,45,99990,0,0,1,F,Balance of Mason County,Washington,50865,50838,50884,51057,50982,50808,50919,51190,52218
50,53,47,0,0,0,0,A,Okanogan County,Washington,41120,41117,41242,41344,41242,41106,41236,41359,41554
157,53,47,7835,0,0,1,A,Brewster city,Washington,2370,2370,2376,2369,2359,2353,2351,2346,2341
157,53,47,14310,0,0,1,A,Conconully town,Washington,210,210,211,212,212,211,211,212,213
157,53,47,15115,0,0,1,A,Coulee Dam town (pt.),Washington,911,911,913,912,906,901,899,896,895
157,53,47,21485,0,0,1,A,Elmer City town,Washington,238,238,239,241,240,239,239,239,239
157,53,47,48540,0,0,1,A,Nespelem town,Washington,236,232,233,233,232,231,243,255,283
157,53,47,50920,0,0,1,A,Okanogan city,Washington,2552,2603,2609,2603,2588,2574,2568,2560,2561
157,53,47,51340,0,0,1,A,Omak city,Washington,4845,4845,4855,4846,4812,4776,4843,4837,4833
157,53,47,51970,0,0,1,A,Oroville city,Washington,1686,1695,1699,1697,1690,1681,1686,1680,1677
157,53,47,53720,0,0,1,A,Pateros city,Washington,667,667,669,667,662,657,655,666,688
157,53,47,58795,0,0,1,A,Riverside town,Washington,280,280,281,279,276,273,272,270,268
157,53,47,71890,0,0,1,A,Tonasket city,Washington,1032,1032,1034,1032,1024,1020,1017,1012,1013
157,53,47,73080,0,0,1,A,Twisp town,Washington,919,919,921,926,940,938,936,939,952
157,53,47,79380,0,0,1,A,Winthrop town,Washington,394,394,396,405,406,412,412,418,430
157,53,47,99990,0,0,1,F,Balance of Okanogan County,Washington,24780,24721,24806,24922,24895,24840,24904,25029,25161
50,53,49,0,0,0,0,A,Pacific County,Washington,20920,20920,20884,20852,20560,20445,20575,20888,21249
157,53,49,33000,0,0,1,A,Ilwaco city,Washington,936,936,935,927,910,899,906,918,929
157,53,49,40070,0,0,1,A,Long Beach city,Washington,1392,1395,1392,1382,1357,1341,1349,1369,1389
157,53,49,57430,0,0,1,A,Raymond city,Washington,2882,2869,2864,2863,2825,2790,2800,2834,2871
157,53,49,65625,0,0,1,A,South Bend city,Washington,1637,1632,1629,1628,1607,1588,1595,1615,1636
157,53,49,99990,0,0,1,F,Balance of Pacific County,Washington,14073,14088,14064,14052,13861,13827,13925,14152,14424
50,53,51,0,0,0,0,A,Pend Oreille County,Washington,13001,13001,12963,12931,12993,12892,12930,13066,13123
157,53,51,16340,0,0,1,A,Cusick town,Washington,207,209,208,207,207,206,206,208,208
157,53,51,33560,0,0,1,A,Ione town,Washington,447,446,444,444,447,443,443,447,450
157,53,51,45285,0,0,1,A,Metaline town,Washington,173,173,172,171,172,170,171,172,172
157,53,51,45320,0,0,1,A,Metaline Falls town,Washington,238,238,237,237,239,236,237,240,242
157,53,51,48820,0,0,1,A,Newport city,Washington,2126,2129,2121,2109,2112,2096,2098,2117,2118
157,53,51,99990,0,0,1,F,Balance of Pend Oreille County,Washington,9810,9806,9781,9763,9816,9741,9775,9882,9933
50,53,53,0,0,0,0,A,Pierce County,Washington,795225,795219,795437,803190,811674,818619,830198,842676,861312
157,53,53,3180,0,0,1,A,Auburn city (pt.),Washington,7419,7405,7409,7675,8319,8894,9199,9452,9656
157,53,53,7170,0,0,1,A,Bonney Lake city,Washington,17374,17374,17396,17710,17938,18247,18744,19873,20310
157,53,53,8570,0,0,1,A,Buckley city,Washington,4354,4354,4353,4390,4422,4437,4503,4541,4682
157,53,53,9970,0,0,1,A,Carbonado town,Washington,610,610,610,611,611,610,620,624,663
157,53,53,18965,0,0,1,A,DuPont city,Washington,8199,8199,8261,8562,8795,9214,9275,9338,9497
157,53,53,20260,0,0,1,A,Eatonville town,Washington,2758,2758,2756,2784,2805,2804,2855,2896,2959
157,53,53,20645,0,0,1,A,Edgewood city,Washington,9387,9387,9378,9452,9494,9558,9713,9810,10734
157,53,53,22045,0,0,1,A,Enumclaw city (pt.),Washington,0,0,0,0,0,0,0,0,0
157,53,53,23795,0,0,1,A,Fife city,Washington,9173,9173,9192,9290,9324,9390,9515,9954,10103
157,53,53,23970,0,0,1,A,Fircrest city,Washington,6497,6495,6488,6547,6574,6585,6635,6678,6780
157,53,53,26735,0,0,1,A,Gig Harbor city,Washington,7126,7126,7119,7218,7545,7767,8343,8739,9110
157,53,53,38038,0,0,1,A,Lakewood city,Washington,58163,58163,58237,58615,58835,58920,59400,59748,60665
157,53,53,46020,0,0,1,A,Milton city (pt.),Washington,6137,6298,6291,6338,6357,6374,6420,6458,6562
157,53,53,52005,0,0,1,A,Orting city,Washington,6746,6746,6750,6804,6864,7002,7240,7436,7693
157,53,53,52495,0,0,1,A,Pacific city (pt.),Washington,92,92,92,93,93,95,96,97,98
157,53,53,56695,0,0,1,A,Puyallup city,Washington,37022,37222,37213,37687,38323,38642,39162,39600,40640
157,53,53,60160,0,0,1,A,Roy city,Washington,793,793,792,798,799,799,803,805,822
157,53,53,60510,0,0,1,A,Ruston town,Washington,749,749,750,759,761,763,788,796,816
157,53,53,66045,0,0,1,A,South Prairie town,Washington,434,429,429,429,429,427,428,428,435
157,53,53,67770,0,0,1,A,Steilacoom town,Washington,5985,5989,5987,6038,6071,6098,6158,6202,6309
157,53,53,68435,0,0,1,A,Sumner city,Washington,9451,9451,9440,9492,9534,9565,9644,9687,9969
157,53,53,70000,0,0,1,A,Tacoma city,Washington,198397,198397,198405,199773,201973,202736,204461,207660,211277
157,53,53,73465,0,0,1,A,University Place city,Washington,31144,31146,31130,31384,31543,31899,32168,32794,33288
157,53,53,78925,0,0,1,A,Wilkeson town,Washington,477,477,477,480,480,481,485,484,492
157,53,53,99990,0,0,1,S,Balance of Pierce County,Washington,366738,366386,366482,370261,373785,377312,383543,388576,397752
50,53,55,0,0,0,0,A,San Juan County,Washington,15769,15769,15770,15822,15810,15875,16021,16234,16339
157,53,55,25615,0,0,1,A,Friday Harbor town,Washington,2162,2166,2163,2266,2283,2277,2305,2336,2338
157,53,55,99990,0,0,1,F,Balance of San Juan County,Washington,13607,13603,13607,13556,13527,13598,13716,13898,14001
50,53,57,0,0,0,0,A,Skagit County,Washington,116901,116901,117006,117759,117987,118679,120303,121724,123681
157,53,57,1990,0,0,1,A,Anacortes city,Washington,15778,15765,15771,15856,15882,15956,16160,16387,16681
157,53,57,8920,0,0,1,A,Burlington city,Washington,8388,8377,8407,8454,8449,8461,8534,8628,8768
157,53,57,14380,0,0,1,A,Concrete town,Washington,705,705,705,709,707,706,711,715,724
157,53,57,29255,0,0,1,A,Hamilton town,Washington,301,301,301,300,298,297,298,298,299
157,53,57,36780,0,0,1,A,La Conner town,Washington,891,891,891,897,899,903,913,922,936
157,53,57,40770,0,0,1,A,Lyman town,Washington,438,438,438,440,440,441,448,452,454
157,53,57,47560,0,0,1,A,Mount Vernon city,Washington,31743,31716,31764,32073,32281,32731,33405,33967,34590
157,53,57,63210,0,0,1,A,Sedro-Woolley city,Washington,10540,11074,11073,11106,11086,11085,11197,11285,11476
157,53,57,99990,0,0,1,F,Balance of Skagit County,Washington,48117,47634,47656,47924,47945,48099,48637,49070,49753
50,53,59,0,0,0,0,A,Skamania County,Washington,11066,11070,11104,11134,11164,11258,11338,11309,11510
157,53,59,49555,0,0,1,A,North Bonneville city,Washington,956,958,961,961,961,969,973,970,980
157,53,59,67875,0,0,1,A,Stevenson city,Washington,1465,1470,1476,1481,1484,1494,1503,1497,1527
157,53,59,99990,0,0,1,F,Balance of Skamania County,Washington,8645,8642,8667,8692,8719,8795,8862,8842,9003
50,53,61,0,0,0,0,A,Snohomish County,Washington,713335,713308,715523,722291,732378,745124,757958,770165,787620
157,53,61,2585,0,0,1,A,Arlington city,Washington,17926,17967,18012,18075,18315,18658,18793,18899,19112
157,53,61,7380,0,0,1,A,Bothell city (pt.),Washington,16415,16445,16480,16698,16921,17103,17192,17346,17564
157,53,61,7940,0,0,1,A,Brier city,Washington,6087,6178,6189,6216,6338,6433,6518,6636,6743
157,53,61,16690,0,0,1,A,Darrington town,Washington,1347,1347,1349,1354,1360,1366,1368,1373,1385
157,53,61,20750,0,0,1,A,Edmonds city,Washington,39709,39698,39764,39935,40381,40652,40841,41277,41840
157,53,61,22640,0,0,1,A,Everett city,Washington,103019,103027,103255,103561,104568,105274,106626,107253,109043
157,53,61,27365,0,0,1,A,Gold Bar city,Washington,2075,2075,2076,2079,2086,2092,2098,2107,2131
157,53,61,27995,0,0,1,A,Granite Falls city,Washington,3364,3372,3378,3392,3416,3437,3461,3482,3525
157,53,61,33175,0,0,1,A,Index town,Washington,178,176,176,178,181,186,190,194,199
157,53,61,37900,0,0,1,A,Lake Stevens city,Washington,28069,28060,28261,28645,29061,29900,30240,30810,31679
157,53,61,40840,0,0,1,A,Lynnwood city,Washington,35836,35845,35916,36031,36248,36445,36637,36910,38092
157,53,61,43955,0,0,1,A,Marysville city,Washington,60020,60026,60206,61267,62326,63221,64982,66601,67626
157,53,61,45865,0,0,1,A,Mill Creek city,Washington,18244,18232,18274,18426,18655,18777,19172,19993,20303
157,53,61,46685,0,0,1,A,Monroe city,Washington,17304,17301,17323,17389,17486,17689,17873,18048,18408
157,53,61,47490,0,0,1,A,Mountlake Terrace city,Washington,19909,19884,19913,19996,20165,20640,20783,20936,21182
157,53,61,47735,0,0,1,A,Mukilteo city,Washington,20254,20254,20300,20419,20583,20805,20965,21176,21462
157,53,61,65170,0,0,1,A,Snohomish city,Washington,9098,9137,9172,9247,9308,9388,9530,9647,9915
157,53,61,67455,0,0,1,A,Stanwood city,Washington,6231,6231,6263,6361,6414,6569,6725,6760,7009
157,53,61,68260,0,0,1,A,Sultan city,Washington,4651,4651,4662,4775,4803,4824,4839,4910,5059
157,53,61,79835,0,0,1,A,Woodway city,Washington,1307,1307,1309,1311,1320,1335,1349,1361,1377
157,53,61,99990,0,0,1,S,Balance of Snohomish County,Washington,302292,302095,303245,306936,312443,320330,327776,334446,343966
50,53,63,0,0,0,0,A,Spokane County,Washington,471221,471225,472148,473527,475881,479479,484337,490526,499072
157,53,63,905,0,0,1,A,Airway Heights city,Washington,6114,6114,6136,6320,6366,6439,6530,6636,6672
157,53,63,11825,0,0,1,A,Cheney city,Washington,10590,10592,10732,10681,11019,11231,11390,11527,12237
157,53,63,17320,0,0,1,A,Deer Park city,Washington,3652,3650,3659,3664,3699,3774,3849,3936,3987
157,53,63,22990,0,0,1,A,Fairfield town,Washington,612,609,609,608,605,603,602,603,605
157,53,63,38495,0,0,1,A,Latah town,Washington,183,180,180,182,184,184,185,186,187
157,53,63,39335,0,0,1,A,Liberty Lake city,Washington,7591,7594,7620,7732,7876,8239,8596,8886,9209
157,53,63,44690,0,0,1,A,Medical Lake city,Washington,5060,5060,5062,4907,4900,4914,4937,4942,4964
157,53,63,45985,0,0,1,A,Millwood city,Washington,1786,1786,1787,1778,1771,1771,1770,1781,1787
157,53,63,59145,0,0,1,A,Rockford town,Washington,470,471,471,470,469,468,467,468,468
157,53,63,66290,0,0,1,A,Spangle city,Washington,278,278,278,280,281,284,287,291,297
157,53,63,67000,0,0,1,A,Spokane city,Washington,208916,209437,209543,209038,209553,210331,211346,213080,215973
157,53,63,67167,0,0,1,A,Spokane Valley city,Washington,89755,89743,90063,90735,90798,91644,93138,94821,96340
157,53,63,76720,0,0,1,A,Waverly town,Washington,106,106,106,106,106,106,106,109,110
157,53,63,99990,0,0,1,F,Balance of Spokane County,Washington,136108,135605,135902,137026,138254,139491,141134,143260,146236
50,53,65,0,0,0,0,A,Stevens County,Washington,43531,43527,43484,43484,43566,43340,43573,43800,44439
157,53,65,12140,0,0,1,A,Chewelah city,Washington,2607,2600,2599,2598,2601,2581,2591,2601,2635
157,53,65,14170,0,0,1,A,Colville city,Washington,4673,4693,4685,4687,4694,4661,4709,4731,4788
157,53,65,35485,0,0,1,A,Kettle Falls city,Washington,1595,1576,1574,1572,1573,1560,1568,1575,1604
157,53,65,43395,0,0,1,A,Marcus town,Washington,183,183,183,183,183,182,183,184,187
157,53,65,50045,0,0,1,A,Northport town,Washington,295,295,295,293,292,289,288,288,290
157,53,65,67210,0,0,1,A,Springdale town,Washington,285,285,285,282,281,277,276,275,276
157,53,65,99990,0,0,1,F,Balance of Stevens County,Washington,33893,33895,33863,33869,33942,33790,33958,34146,34659
50,53,67,0,0,0,0,A,Thurston County,Washington,252264,252258,253062,256516,258803,262536,265809,269183,275222
157,53,67,8605,0,0,1,A,Bucoda town,Washington,562,562,562,564,563,565,565,566,575
157,53,67,36745,0,0,1,A,Lacey city,Washington,42393,42398,42583,43360,43941,44875,45434,46340,47688
157,53,67,51300,0,0,1,A,Olympia city,Washington,46478,46880,47083,47765,48216,48711,49618,50231,51202
157,53,67,57220,0,0,1,A,Rainier city,Washington,1794,1794,1806,1866,1890,1930,1945,1983,2011
157,53,67,70630,0,0,1,A,Tenino city,Washington,1695,1688,1690,1696,1695,1704,1722,1746,1819
157,53,67,72905,0,0,1,A,Tumwater city,Washington,17371,20127,20160,20541,20927,21311,21636,22002,22538
157,53,67,80220,0,0,1,A,Yelm city,Washington,6848,6848,6908,7067,7184,7638,8216,8420,8915
157,53,67,99990,0,0,1,F,Balance of Thurston County,Washington,135123,131961,132270,133657,134387,135802,136673,137895,140474
50,53,69,0,0,0,0,A,Wahkiakum County,Washington,3978,3978,3972,4014,3986,4052,4058,4022,4139
157,53,69,10635,0,0,1,A,Cathlamet town,Washington,532,535,534,537,532,539,539,532,545
157,53,69,99990,0,0,1,S,Balance of Wahkiakum County,Washington,3446,3443,3438,3477,3454,3513,3519,3490,3594
50,53,71,0,0,0,0,A,Walla Walla County,Washington,58781,58781,58924,59496,59402,59497,59658,60149,60340
157,53,71,13855,0,0,1,A,College Place city,Washington,8765,8782,8812,8861,8895,8966,8972,9030,9142
157,53,71,56240,0,0,1,A,Prescott city,Washington,318,318,319,319,316,312,308,306,304
157,53,71,75565,0,0,1,A,Waitsburg city,Washington,1217,1217,1220,1225,1215,1205,1192,1187,1187
157,53,71,75775,0,0,1,A,Walla Walla city,Washington,31731,31731,31796,31975,31862,31790,31820,32148,32132
157,53,71,99990,0,0,1,F,Balance of Walla Walla County,Washington,16750,16733,16777,17116,17114,17224,17366,17478,17575
50,53,73,0,0,0,0,A,Whatcom County,Washington,201140,201140,201586,203482,205008,206348,208325,212164,216800
157,53,73,5280,0,0,1,A,Bellingham city,Washington,80885,81266,81388,81984,82537,82942,83765,85523,87574
157,53,73,6505,0,0,1,A,Blaine city,Washington,4684,4686,4703,4780,4826,4903,4978,5055,5164
157,53,73,22745,0,0,1,A,Everson city,Washington,2481,2461,2468,2498,2526,2533,2545,2579,2634
157,53,73,23620,0,0,1,A,Ferndale city,Washington,11415,11408,11465,11709,11961,12310,12675,12974,13403
157,53,73,40805,0,0,1,A,Lynden city,Washington,11951,11988,12026,12250,12596,12855,13142,13487,13952
157,53,73,49275,0,0,1,A,Nooksack city,Washington,1338,1338,1361,1372,1388,1417,1443,1479,1525
157,53,73,68330,0,0,1,A,Sumas city,Washington,1307,1309,1314,1325,1334,1341,1350,1374,1409
157,53,73,99990,0,0,1,F,Balance of Whatcom County,Washington,87079,86684,86861,87564,87840,88047,88427,89693,91139
50,53,75,0,0,0,0,A,Whitman County,Washington,44776,44778,44799,45088,46662,46870,46936,48150,48851
157,53,75,1010,0,0,1,A,Albion town,Washington,579,586,586,588,591,589,582,584,591
157,53,75,13785,0,0,1,A,Colfax city,Washington,2805,2793,2792,2811,2840,2850,2823,2856,2895
157,53,75,13890,0,0,1,A,Colton town,Washington,418,429,429,436,441,443,441,454,466
157,53,75,21730,0,0,1,A,Endicott town,Washington,289,288,288,289,291,290,286,289,291
157,53,75,23340,0,0,1,A,Farmington town,Washington,146,150,150,152,154,154,153,154,156
157,53,75,26140,0,0,1,A,Garfield town,Washington,597,597,597,601,607,607,599,604,611
157,53,75,36850,0,0,1,A,LaCrosse town,Washington,313,313,313,316,318,317,313,315,317
157,53,75,38215,0,0,1,A,Lamont town,Washington,70,70,70,71,72,72,71,72,73
157,53,75,42275,0,0,1,A,Malden town,Washington,203,203,203,203,204,203,199,201,205
157,53,75,50325,0,0,1,A,Oakesdale town,Washington,422,424,424,426,434,433,427,431,435
157,53,75,52950,0,0,1,A,Palouse city,Washington,998,996,996,1012,1020,1019,1013,1019,1045
157,53,75,56625,0,0,1,A,Pullman city,Washington,29799,29821,29840,29987,31411,31579,31771,32819,33282
157,53,75,59775,0,0,1,A,Rosalia town,Washington,550,554,554,558,562,562,555,559,565
157,53,75,60860,0,0,1,A,St. John town,Washington,537,537,537,542,547,549,546,552,558
157,53,75,70560,0,0,1,A,Tekoa city,Washington,778,781,781,788,795,798,789,795,808
157,53,75,73360,0,0,1,A,Uniontown town,Washington,294,294,294,295,299,314,323,328,333
157,53,75,99990,0,0,1,F,Balance of Whitman County,Washington,5978,5942,5945,6013,6076,6091,6045,6118,6220
50,53,77,0,0,0,0,A,Yakima County,Washington,243231,243237,244324,246223,246568,246911,247175,248115,249636
157,53,77,27925,0,0,1,A,Grandview city,Washington,10862,10856,10900,10937,10985,11103,11112,11132,11159
157,53,77,27960,0,0,1,A,Granger city,Washington,3246,3249,3265,3278,3297,3352,3395,3697,3720
157,53,77,29710,0,0,1,A,Harrah town,Washington,625,624,626,626,632,628,624,625,624
157,53,77,40980,0,0,1,A,Mabton city,Washington,2286,2298,2311,2329,2319,2308,2299,2294,2295
157,53,77,47665,0,0,1,A,Moxee city,Washington,3308,3462,3511,3618,3672,3761,3828,3871,4027
157,53,77,47805,0,0,1,A,Naches town,Washington,795,813,816,819,819,818,818,819,823
157,53,77,63280,0,0,1,A,Selah city,Washington,7147,7322,7354,7414,7468,7518,7576,7678,7768
157,53,77,68750,0,0,1,A,Sunnyside city,Washington,15858,15938,16004,16099,16110,16132,16188,16263,16411
157,53,77,71400,0,0,1,A,Tieton city,Washington,1191,1182,1187,1188,1188,1226,1235,1237,1276
157,53,77,71960,0,0,1,A,Toppenish city,Washington,8949,8932,8965,8998,8990,8983,8963,8954,8973
157,53,77,73290,0,0,1,A,Union Gap city,Washington,6047,6132,6149,6152,6132,6114,6099,6101,6110
157,53,77,76125,0,0,1,A,Wapato city,Washington,4997,5009,5072,5084,5075,5062,5053,5055,5073
157,53,77,80010,0,0,1,A,Yakima city,Washington,91067,91281,91687,92814,92987,93100,93172,93439,93986
157,53,77,80500,0,0,1,A,Zillah city,Washington,2964,3022,3039,3067,3085,3095,3105,3122,3144
157,53,77,99990,0,0,1,F,Balance of Yakima County,Washington,83889,83117,83438,83800,83809,83711,83708,83828,84247